Time,C6_avg,psi6,V,S_cnn,S_param
0.0,1.7466700000000002,0.02671,0,0,0
99.9999,1.72,0.06116,1,0,0
199.9999,2.42667,0.08906,2,0,0
299.9999,5.1866699999999994,0.30513,4,1,1
399.9999,3.7533300000000005,0.07745,2,0,0
499.9999,3.5333300000000003,0.0576,2,0,0
599.9999,5.2333300000000005,0.23881,4,1,1
699.9999,4.21333,0.20219,2,1,1
799.9999,3.5533300000000003,0.23985,2,0,0
899.9999,3.33333,0.20753000000000002,2,0,0
999.9999,5.36,0.9119299999999999,4,1,1
